rank,feature,feature_type,raw_coefficient,raw_abs_rank,train_feature_std,standardized_effect,abs_standardized_effect
1,AMT_GOODS_PRICE,numeric_scaled,-0.95291215,1,0.9999493,-0.9528638,0.9528638
2,AMT_CREDIT,numeric_scaled,0.8529715,2,0.9999764,0.85295135,0.85295135
3,EXT_SOURCE_3,numeric_scaled,-0.39728278,11,1.00017,-0.3973503,0.3973503
4,BASEMENTAREA_MEDI,numeric_scaled,0.37987432,12,1.0007721,0.38016763,0.38016763
5,BASEMENTAREA_AVG,numeric_scaled,-0.3787003,13,1.0008425,-0.37901932,0.37901932
6,LIVINGAREA_AVG,numeric_scaled,0.3194459,16,1.0002757,0.319534,0.319534
7,LIVINGAPARTMENTS_MEDI,numeric_scaled,0.2851822,24,0.9989007,0.28486872,0.28486872
8,LIVINGAREA_MEDI,numeric_scaled,-0.27794868,27,1.0006121,-0.27811882,0.27811882
9,OBS_30_CNT_SOCIAL_CIRCLE,numeric_scaled,0.24935097,29,1.0000105,0.24935359,0.24935359
10,EXT_SOURCE_2,numeric_scaled,-0.24740916,30,0.9999917,-0.24740711,0.24740711
11,OBS_60_CNT_SOCIAL_CIRCLE,numeric_scaled,-0.2342616,31,1.0006487,-0.23441358,0.23441358
12,YEARS_BUILD_MEDI,numeric_scaled,-0.22575663,34,0.99999654,-0.22575586,0.22575586
13,YEARS_BUILD_AVG,numeric_scaled,0.22557452,35,0.9999618,0.22556591,0.22556591
14,COMMONAREA_MEDI,numeric_scaled,-0.21637686,38,1.0008644,-0.2165639,0.2165639
15,ENTRANCES_MEDI,numeric_scaled,0.18733042,44,0.99914783,0.18717079,0.18717079
16,LIVINGAPARTMENTS_AVG,numeric_scaled,-0.17956659,47,0.99910134,-0.17940523,0.17940523
17,NAME_INCOME_TYPE_Pensioner,categorical_dummy,-0.4585785,7,0.3831959,-0.1757254,0.1757254
18,FLAG_EMP_PHONE,numeric_scaled,-0.17140819,49,1.0002348,-0.17144844,0.17144844
19,APARTMENTS_MEDI,numeric_scaled,-0.16891906,51,0.99941033,-0.16881946,0.16881946
20,ENTRANCES_AVG,numeric_scaled,-0.1520092,54,0.9989922,-0.151856,0.151856
21,COMMONAREA_AVG,numeric_scaled,0.14628221,56,1.0003583,0.14633463,0.14633463
22,FLAG_DOCUMENT_3,numeric_scaled,0.14454411,57,0.9995436,0.14447814,0.14447814
23,REGION_RATING_CLIENT_W_CITY,numeric_scaled,0.14161325,59,0.9999922,0.14161214,0.14161214
24,AMT_INCOME_TOTAL,numeric_scaled,0.14145324,60,0.99993813,0.14144449,0.14144449
25,NONLIVINGAPARTMENTS_MODE,numeric_scaled,0.14060347,61,1.0013181,0.1407888,0.1407888
26,EXT_SOURCE_1,numeric_scaled,-0.13939303,63,0.9999579,-0.13938716,0.13938716
27,APARTMENTS_AVG,numeric_scaled,0.13591363,65,0.99953985,0.13585109,0.13585109
28,ELEVATORS_MODE,numeric_scaled,0.12429134,67,0.99936056,0.12421186,0.12421186
29,EXT_SOURCE_MEAN,numeric_scaled,-0.1137476,72,0.9999781,-0.11374511,0.11374511
30,ANNUITY_INCOME_RATIO,numeric_scaled,0.1030094,78,0.9999745,0.10300677,0.10300677
31,ELEVATORS_AVG,numeric_scaled,-0.097061224,82,1.000645,-0.09712383,0.09712383
32,LIVINGAPARTMENTS_MODE,numeric_scaled,-0.09676738,83,1.0006213,-0.09682751,0.09682751
33,CODE_GENDER_F,categorical_dummy,-0.1970261,40,0.47462568,-0.093513645,0.093513645
34,FLAG_OWN_CAR_Y,categorical_dummy,-0.18582109,46,0.47424066,-0.08812392,0.08812392
35,NAME_EDUCATION_TYPE_Secondary / secondary special,categorical_dummy,0.19293544,41,0.45296118,0.08739226,0.08739226
36,DAYS_EMPLOYED,numeric_scaled,0.083346255,90,0.99983376,0.0833324,0.0833324
37,FLOORSMAX_AVG,numeric_scaled,-0.083066106,91,0.9998854,-0.083056584,0.083056584
38,FLAG_DOCUMENT_4,numeric_scaled,-0.08205587,93,0.9999567,-0.08205231,0.08205231
39,NONLIVINGAPARTMENTS_MEDI,numeric_scaled,-0.079964496,96,1.0011653,-0.08005767,0.08005767
40,AMT_ANNUITY,numeric_scaled,0.07638156,100,0.9999538,0.076378025,0.076378025
41,FLAG_DOCUMENT_6,numeric_scaled,0.07638615,99,0.9993636,0.07633754,0.07633754
42,EXT_SOURCE_MIN,numeric_scaled,-0.075815,102,0.99997586,-0.07581317,0.07581317
43,COMMONAREA_MODE,numeric_scaled,0.07543536,104,1.0007335,0.07549069,0.07549069
44,LANDAREA_AVG,numeric_scaled,0.06814319,110,0.9996567,0.068119794,0.068119794
45,FLOORSMAX_MEDI,numeric_scaled,0.068086945,111,1.00042,0.06811554,0.06811554
46,ENTRANCES_MODE,numeric_scaled,-0.06773869,112,0.9992972,-0.06769108,0.06769108
47,EXT_NOT_NA_COUNT,numeric_scaled,-0.0655657,114,0.99978775,-0.06555178,0.06555178
48,FLAG_WORK_PHONE,numeric_scaled,0.06543766,115,1.0005269,0.06547214,0.06547214
49,NONLIVINGAREA_MODE,numeric_scaled,-0.062154558,119,1.0003175,-0.06217429,0.06217429
50,REG_CITY_NOT_LIVE_CITY,numeric_scaled,0.0611414,121,0.9989949,0.06107995,0.06107995
51,REGION_RATING_CLIENT,numeric_scaled,-0.05810611,127,1.0007573,-0.058150116,0.058150116
52,NAME_FAMILY_STATUS_Married,categorical_dummy,-0.12024529,70,0.4797512,-0.057687823,0.057687823
53,EXT_SOURCE_1_NA,numeric_scaled,0.057287157,131,1.0012228,0.05735721,0.05735721
54,DAYS_ID_PUBLISH,numeric_scaled,0.056566637,132,0.9999885,0.056565985,0.056565985
55,FLAG_DOCUMENT_16,numeric_scaled,-0.052906916,136,1.0009745,-0.052958474,0.052958474
56,DAYS_EMPLOYED_PERCENT,numeric_scaled,-0.05182,138,0.9997476,-0.05180692,0.05180692
57,FLAG_DOCUMENT_13,numeric_scaled,-0.05145729,139,0.99877536,-0.051394273,0.051394273
58,CODE_GENDER_M,categorical_dummy,0.10517983,77,0.47462374,0.049920846,0.049920846
59,ORGANIZATION_TYPE_Self-employed,categorical_dummy,0.15055254,55,0.3301293,0.049701806,0.049701806
60,FLAG_DOCUMENT_18,numeric_scaled,-0.04782983,142,1.0016147,-0.04790706,0.04790706
61,ELEVATORS_MEDI,numeric_scaled,-0.047244404,145,1.0011523,-0.04729884,0.04729884
62,NONLIVINGAPARTMENTS_AVG,numeric_scaled,-0.046838306,146,1.0010327,-0.046886675,0.046886675
63,LIVE_REGION_NOT_WORK_REGION,numeric_scaled,-0.046639092,148,1.0003479,-0.046655316,0.046655316
64,LANDAREA_MEDI,numeric_scaled,-0.04582592,150,0.99961567,-0.045808308,0.045808308
65,REG_REGION_NOT_WORK_REGION,numeric_scaled,0.043954838,152,0.99856585,0.0438918,0.0438918
66,ORGANIZATION_TYPE_Construction,categorical_dummy,0.29106972,23,0.14652762,0.042649753,0.042649753
67,DEF_60_CNT_SOCIAL_CIRCLE,numeric_scaled,0.042389244,155,1.0007685,0.04242182,0.04242182
68,OWN_CAR_AGE,numeric_scaled,0.042052034,156,0.9991388,0.042015817,0.042015817
69,ORGANIZATION_TYPE_Military,categorical_dummy,-0.44943368,8,0.09236665,-0.041512683,0.041512683
70,REG_CITY_NOT_WORK_CITY,numeric_scaled,-0.04137839,158,0.99901354,-0.041337572,0.041337572
71,REG_REGION_NOT_LIVE_REGION,numeric_scaled,-0.041328564,159,1.0001751,-0.041335803,0.041335803
72,NONLIVINGAREA_AVG,numeric_scaled,0.04110862,161,0.9992899,0.041079428,0.041079428
73,AMT_REQ_CREDIT_BUREAU_QRT,numeric_scaled,-0.03964172,165,0.99988955,-0.039637342,0.039637342
74,DEF_30_CNT_SOCIAL_CIRCLE,numeric_scaled,0.03823215,168,1.0014656,0.038288184,0.038288184
75,DAYS_LAST_PHONE_CHANGE,numeric_scaled,0.038113713,169,1.0001324,0.03811876,0.03811876
76,HOUSETYPE_MODE_Unknown,categorical_dummy,-0.07614617,101,0.49999785,-0.03807292,0.03807292
77,ORGANIZATION_TYPE_Business Entity Type 3,categorical_dummy,0.09167036,86,0.41526794,0.03806776,0.03806776
78,NAME_INCOME_TYPE_Working,categorical_dummy,0.07543807,103,0.4997634,0.037701186,0.037701186
79,FLAG_OWN_CAR_N,categorical_dummy,0.07843374,97,0.47424066,0.03719647,0.03719647
80,CREDIT_TERM,numeric_scaled,0.036649942,171,1.0001249,0.03665452,0.03665452
81,DAYS_REGISTRATION,numeric_scaled,0.03630715,172,0.99996704,0.036305953,0.036305953
82,FLAG_DOCUMENT_10,numeric_scaled,-0.035958014,174,0.99999195,-0.035957724,0.035957724
83,FLAG_DOCUMENT_5,numeric_scaled,0.034923136,176,1.0001448,0.034928195,0.034928195
84,EXT_SOURCE_3_NA,numeric_scaled,0.034829315,178,1.0009062,0.03486088,0.03486088
85,FLAG_DOCUMENT_8,numeric_scaled,0.034040045,180,1.0007632,0.034066025,0.034066025
86,OCCUPATION_TYPE_Accountants,categorical_dummy,-0.19258581,42,0.17599355,-0.03389386,0.03389386
87,LIVE_CITY_NOT_WORK_CITY,numeric_scaled,0.03357954,181,0.9996992,0.033569437,0.033569437
88,ORGANIZATION_TYPE_Transport: type 3,categorical_dummy,0.525697,6,0.062451106,0.032830358,0.032830358
89,APARTMENTS_MODE,numeric_scaled,0.032770332,182,0.999431,0.032751687,0.032751687
90,FLAG_OWN_REALTY_N,categorical_dummy,-0.068699226,108,0.46069625,-0.031649474,0.031649474
91,NAME_EDUCATION_TYPE_Lower secondary,categorical_dummy,0.28243604,26,0.11026309,0.03114227,0.03114227
92,ORGANIZATION_TYPE_Industry: type 9,categorical_dummy,-0.29240945,22,0.104699805,-0.030615212,0.030615212
93,ORGANIZATION_TYPE_Realtor,categorical_dummy,0.8377586,3,0.036245797,0.030365229,0.030365229
94,FLAG_DOCUMENT_15,numeric_scaled,-0.030362211,186,0.99948674,-0.030346628,0.030346628
95,OCCUPATION_TYPE_Drivers,categorical_dummy,0.122854866,68,0.23913397,0.029378772,0.029378772
96,FLAG_DOCUMENT_14,numeric_scaled,-0.029153641,190,0.9989881,-0.02912414,0.02912414
97,EMERGENCYSTATE_MODE_No,categorical_dummy,-0.058129102,126,0.49960786,-0.029041756,0.029041756
98,OCCUPATION_TYPE_Core staff,categorical_dummy,-0.09942843,79,0.28571388,-0.028408082,0.028408082
99,ORGANIZATION_TYPE_Trade: type 2,categorical_dummy,-0.3544365,15,0.0783991,-0.027787501,0.027787501
100,FLOORSMIN_AVG,numeric_scaled,-0.026629116,195,0.99894816,-0.026601106,0.026601106
101,FLAG_PHONE,numeric_scaled,-0.02607769,196,1.0002611,-0.026084498,0.026084498
102,LIVINGAREA_MODE,numeric_scaled,-0.026030658,197,1.0005343,-0.026044566,0.026044566
103,DAYS_EMPLOYED_ANOM,numeric_scaled,-0.025952894,198,1.0001931,-0.025957907,0.025957907
104,ORGANIZATION_TYPE_Security Ministries,categorical_dummy,-0.31792253,17,0.08026831,-0.025519105,0.025519105
105,FLOORSMAX_MODE,numeric_scaled,-0.02532197,199,0.9989663,-0.025295794,0.025295794
106,REGION_POPULATION_RELATIVE,numeric_scaled,0.025168361,200,0.99989027,0.025165599,0.025165599
107,NAME_EDUCATION_TYPE_Higher education,categorical_dummy,-0.058612198,124,0.42879346,-0.025132528,0.025132528
108,OCCUPATION_TYPE_Low-skill Laborers,categorical_dummy,0.30057368,21,0.08266165,0.024845917,0.024845917
109,WALLSMATERIAL_MODE_Panel,categorical_dummy,-0.057906087,128,0.4112074,-0.023811413,0.023811413
110,ORGANIZATION_TYPE_School,categorical_dummy,-0.1402326,62,0.16836695,-0.023610534,0.023610534
111,ORGANIZATION_TYPE_Police,categorical_dummy,-0.26919895,28,0.08650892,-0.023288112,0.023288112
112,AMT_REQ_CREDIT_BUREAU_YEAR,numeric_scaled,0.02210371,203,0.99996907,0.022103027,0.022103027
113,OCCUPATION_TYPE_Unknown,categorical_dummy,-0.046064954,149,0.46360588,-0.021355983,0.021355983
114,DAYS_BIRTH,numeric_scaled,0.021348085,205,0.99997765,0.021347608,0.021347608
115,FLAG_DOCUMENT_17,numeric_scaled,-0.0209371,206,0.9998802,-0.020934591,0.020934591
116,WEEKDAY_APPR_PROCESS_START_SATURDAY,categorical_dummy,-0.06563705,113,0.31271008,-0.020525368,0.020525368
117,WEEKDAY_APPR_PROCESS_START_MONDAY,categorical_dummy,-0.054939702,134,0.37129486,-0.02039883,0.02039883
118,NAME_HOUSING_TYPE_Office apartment,categorical_dummy,-0.2208544,36,0.09202778,-0.02032474,0.02032474
119,CNT_CHILDREN,numeric_scaled,0.020151222,208,0.9988201,0.020127445,0.020127445
120,ORGANIZATION_TYPE_Bank,categorical_dummy,-0.21868548,37,0.08993649,-0.019667804,0.019667804
121,ORGANIZATION_TYPE_Trade: type 6,categorical_dummy,-0.43683916,9,0.044645395,-0.019502858,0.019502858
122,ORGANIZATION_TYPE_Legal Services,categorical_dummy,0.60620964,4,0.031848434,0.019306827,0.019306827
123,FLAG_DOCUMENT_2,numeric_scaled,0.019068763,210,0.99998,0.01906838,0.01906838
124,YEARS_BEGINEXPLUATATION_MEDI,numeric_scaled,-0.018714894,212,0.99955714,-0.018706605,0.018706605
125,FLOORSMIN_MODE,numeric_scaled,0.01869435,213,0.99949664,0.01868494,0.01868494
126,FLAG_OWN_REALTY_Y,categorical_dummy,-0.03868839,167,0.46069625,-0.017823597,0.017823597
127,FLAG_MOBIL,numeric_scaled,0.017786099,215,0.99999946,0.01778609,0.01778609
128,ORGANIZATION_TYPE_Hotel,categorical_dummy,-0.31358546,19,0.05626799,-0.017644824,0.017644824
129,FONDKAPREMONT_MODE_reg oper spec account,categorical_dummy,-0.090222165,88,0.19439353,-0.017538605,0.017538605
130,EXT_SOURCE_STD,numeric_scaled,0.01753364,216,0.9999025,0.01753193,0.01753193
131,NAME_CONTRACT_TYPE_Revolving loans,categorical_dummy,-0.05966115,123,0.29374158,-0.017524961,0.017524961
132,TOTALAREA_MODE,numeric_scaled,0.017382327,217,0.99965,0.017376244,0.017376244
133,AMT_REQ_CREDIT_BUREAU_DAY,numeric_scaled,0.016822472,219,0.9988133,0.016802508,0.016802508
134,NAME_HOUSING_TYPE_Municipal apartment,categorical_dummy,0.08908683,89,0.18698049,0.0166575,0.0166575
135,ORGANIZATION_TYPE_Industry: type 3,categorical_dummy,0.15859266,52,0.10312882,0.016355474,0.016355474
136,AMT_REQ_CREDIT_BUREAU_MON,numeric_scaled,-0.015995314,221,1.000872,-0.016009262,0.016009262
137,FLAG_DOCUMENT_12,numeric_scaled,-0.015596317,222,0.99999803,-0.015596286,0.015596286
138,EXT_SOURCE_MAX,numeric_scaled,-0.015411025,224,0.99994344,-0.015410153,0.015410153
139,NAME_FAMILY_STATUS_Widow,categorical_dummy,-0.06824024,109,0.22270998,-0.015197783,0.015197783
140,NAME_HOUSING_TYPE_House / apartment,categorical_dummy,-0.047967892,141,0.31533384,-0.0151259,0.0151259
141,ORGANIZATION_TYPE_Business Entity Type 2,categorical_dummy,0.08273478,92,0.18170626,0.015033428,0.015033428
142,ORGANIZATION_TYPE_Industry: type 12,categorical_dummy,-0.43061444,10,0.034472123,-0.014844194,0.014844194
143,EMERGENCYSTATE_MODE_Unknown,categorical_dummy,0.02873114,191,0.499027,0.014337615,0.014337615
144,FLAG_CONT_MOBILE,numeric_scaled,-0.014304624,226,0.9991745,-0.014292815,0.014292815
145,OCCUPATION_TYPE_Security staff,categorical_dummy,0.09727254,81,0.14618929,0.014220203,0.014220203
146,"WALLSMATERIAL_MODE_Stone, brick",categorical_dummy,0.034844965,177,0.40782732,0.014210729,0.014210729
147,YEARS_BEGINEXPLUATATION_AVG,numeric_scaled,0.014213346,228,0.999559,0.014207077,0.014207077
148,NAME_CONTRACT_TYPE_Cash loans,categorical_dummy,-0.047730215,143,0.29374158,-0.014020349,0.014020349
149,OCCUPATION_TYPE_High skill tech staff,categorical_dummy,-0.07317358,105,0.18876798,-0.01381283,0.01381283
150,WEEKDAY_APPR_PROCESS_START_WEDNESDAY,categorical_dummy,0.036765426,170,0.3748053,0.013779877,0.013779877
151,WALLSMATERIAL_MODE_Monolithic,categorical_dummy,-0.17922987,48,0.076406024,-0.013694242,0.013694242
152,LANDAREA_MODE,numeric_scaled,-0.013601991,231,0.99917907,-0.013590825,0.013590825
153,WEEKDAY_APPR_PROCESS_START_SUNDAY,categorical_dummy,-0.06026575,122,0.22359796,-0.013475299,0.013475299
154,FLAG_DOCUMENT_11,numeric_scaled,-0.013120433,232,0.99860454,-0.013102124,0.013102124
155,NAME_EDUCATION_TYPE_Academic degree,categorical_dummy,-0.56041443,5,0.022440221,-0.012575824,0.012575824
156,OCCUPATION_TYPE_IT staff,categorical_dummy,-0.30101153,20,0.04144999,-0.012476925,0.012476925
157,OCCUPATION_TYPE_Laborers,categorical_dummy,0.03187767,183,0.38427582,0.012249818,0.012249818
158,FLAG_DOCUMENT_20,numeric_scaled,0.012238429,233,0.99978316,0.012235776,0.012235776
159,ORGANIZATION_TYPE_Telecom,categorical_dummy,0.28504878,25,0.042790715,0.012197441,0.012197441
160,NAME_FAMILY_STATUS_Civil marriage,categorical_dummy,0.039843448,164,0.2960237,0.011794604,0.011794604
161,NAME_HOUSING_TYPE_Rented apartment,categorical_dummy,0.0940607,85,0.12446599,0.011707357,0.011707357
162,FLOORSMIN_MEDI,numeric_scaled,0.011665667,234,0.99906254,0.011654731,0.011654731
163,ORGANIZATION_TYPE_Advertising,categorical_dummy,0.31427386,18,0.036633454,0.011512937,0.011512937
164,ORGANIZATION_TYPE_Trade: type 3,categorical_dummy,0.10795469,74,0.10619339,0.011464074,0.011464074
165,WEEKDAY_APPR_PROCESS_START_TUESDAY,categorical_dummy,0.02966885,188,0.38071367,0.011295337,0.011295337
166,ORGANIZATION_TYPE_XNA,categorical_dummy,-0.029227626,189,0.3831756,-0.011199313,0.011199313
167,ORGANIZATION_TYPE_Trade: type 7,categorical_dummy,0.07050416,106,0.15743233,0.011099634,0.011099634
168,"NAME_TYPE_SUITE_Spouse, partner",categorical_dummy,-0.057672057,129,0.18854785,-0.010873943,0.010873943
169,NONLIVINGAREA_MEDI,numeric_scaled,0.010867315,236,0.99936503,0.010860415,0.010860415
170,OCCUPATION_TYPE_Managers,categorical_dummy,-0.042657364,154,0.25440073,-0.010852065,0.010852065
171,YEARS_BUILD_MODE,numeric_scaled,-0.010776074,237,0.99964637,-0.010772263,0.010772263
172,ORGANIZATION_TYPE_Agriculture,categorical_dummy,0.11219364,73,0.08938215,0.010028108,0.010028108
173,OCCUPATION_TYPE_Private service staff,categorical_dummy,-0.10774158,75,0.09196777,-0.0099087525,0.0099087525
174,ORGANIZATION_TYPE_Industry: type 5,categorical_dummy,-0.22751205,33,0.04344712,-0.009884743,0.009884743
175,NAME_FAMILY_STATUS_Separated,categorical_dummy,0.040231988,163,0.24509858,0.009860803,0.009860803
176,ORGANIZATION_TYPE_Restaurant,categorical_dummy,0.11936609,71,0.07632692,0.009110846,0.009110846
177,HOUR_APPR_PROCESS_START,numeric_scaled,-0.009068378,243,1.0002557,-0.009070697,0.009070697
178,OCCUPATION_TYPE_Secretaries,categorical_dummy,0.13889512,64,0.065049276,0.009035028,0.009035028
179,WALLSMATERIAL_MODE_Others,categorical_dummy,0.122218974,69,0.07261347,0.008874744,0.008874744
180,NAME_HOUSING_TYPE_With parents,categorical_dummy,-0.041411255,157,0.21410316,-0.00886628,0.00886628
181,ORGANIZATION_TYPE_Government,categorical_dummy,-0.04664759,147,0.180778,-0.008432858,0.008432858
182,YEARS_BEGINEXPLUATATION_MODE,numeric_scaled,-0.008352781,245,0.99946845,-0.008348341,0.008348341
183,AMT_REQ_CREDIT_BUREAU_WEEK,numeric_scaled,-0.008308941,246,1.0014911,-0.00832133,0.00832133
184,ORGANIZATION_TYPE_Industry: type 1,categorical_dummy,0.13577884,66,0.058476087,0.0079398155,0.0079398155
185,NAME_INCOME_TYPE_Commercial associate,categorical_dummy,0.018631633,214,0.42300883,0.007881345,0.007881345
186,ORGANIZATION_TYPE_Transport: type 4,categorical_dummy,0.057667673,130,0.13117242,0.0075644082,0.0075644082
187,NAME_TYPE_SUITE_Unaccompanied,categorical_dummy,0.018762,211,0.39361504,0.0073850052,0.0073850052
188,ORGANIZATION_TYPE_Emergency,categorical_dummy,-0.1705288,50,0.043073677,-0.0073453025,0.0073453025
189,ORGANIZATION_TYPE_Trade: type 1,categorical_dummy,0.20848165,39,0.03333919,0.00695061,0.00695061
190,FLAG_DOCUMENT_7,numeric_scaled,0.0068745515,248,0.99990666,0.00687391,0.00687391
191,FLAG_DOCUMENT_9,numeric_scaled,0.006827889,249,0.9986014,0.006818339,0.006818339
192,EMERGENCYSTATE_MODE_Yes,categorical_dummy,-0.07798159,98,0.08642571,-0.006739614,0.006739614
193,ORGANIZATION_TYPE_Medicine,categorical_dummy,-0.03513918,175,0.18762533,-0.0065930006,0.0065930006
194,NAME_EDUCATION_TYPE_Incomplete higher,categorical_dummy,0.036274403,173,0.1802766,0.0065394263,0.0065394263
195,HOUSETYPE_MODE_terraced house,categorical_dummy,-0.09441092,84,0.063370265,-0.005982845,0.005982845
196,FONDKAPREMONT_MODE_reg oper account,categorical_dummy,-0.0138208065,229,0.42709282,-0.005902767,0.005902767
197,EXT_SOURCE_2_NA,numeric_scaled,0.0058390247,251,0.99932295,0.005835071,0.005835071
198,AMT_REQ_CREDIT_BUREAU_HOUR,numeric_scaled,-0.005834229,252,0.9991069,-0.005829018,0.005829018
199,ORGANIZATION_TYPE_Transport: type 1,categorical_dummy,-0.22820815,32,0.0254867,-0.005816273,0.005816273
200,OCCUPATION_TYPE_Cooking staff,categorical_dummy,0.040941924,162,0.13805988,0.0056524375,0.0056524375
201,ORGANIZATION_TYPE_Culture,categorical_dummy,0.15842758,53,0.03464858,0.0054892907,0.0054892907
202,CREDIT_INCOME_RATIO,numeric_scaled,-0.0054663597,253,0.99997,-0.0054661958,0.0054661958
203,NAME_FAMILY_STATUS_Single / not married,categorical_dummy,0.015297317,225,0.35463566,0.005424974,0.005424974
204,ORGANIZATION_TYPE_Other,categorical_dummy,-0.023982037,201,0.22619028,-0.0054245037,0.0054245037
205,NAME_TYPE_SUITE_Children,categorical_dummy,0.052212875,137,0.10355435,0.0054068705,0.0054068705
206,WALLSMATERIAL_MODE_Block,categorical_dummy,-0.031125298,184,0.17174244,-0.0053455345,0.0053455345
207,ORGANIZATION_TYPE_University,categorical_dummy,-0.08123979,94,0.06526085,-0.0053017777,0.0053017777
208,NAME_TYPE_SUITE_Other_A,categorical_dummy,-0.09879547,80,0.053114682,-0.00524749,0.00524749
209,FONDKAPREMONT_MODE_Unknown,categorical_dummy,0.010658467,238,0.4654127,0.004960586,0.004960586
210,OCCUPATION_TYPE_Waiters/barmen staff,categorical_dummy,0.06908935,107,0.06501418,0.004491788,0.004491788
211,BASEMENTAREA_MODE,numeric_scaled,0.0044552092,255,1.0006735,0.00445821,0.00445821
212,ORGANIZATION_TYPE_Security,categorical_dummy,0.04302748,153,0.10232014,0.004402578,0.004402578
213,HOUSETYPE_MODE_specific housing,categorical_dummy,0.061706204,120,0.069842346,0.004309706,0.004309706
214,ORGANIZATION_TYPE_Kindergarten,categorical_dummy,-0.028721476,192,0.14846274,-0.0042640693,0.0042640693
215,ORGANIZATION_TYPE_Cleaning,categorical_dummy,0.14317508,58,0.029332047,0.004199618,0.004199618
216,FONDKAPREMONT_MODE_org spec account,categorical_dummy,-0.030983048,185,0.13383557,-0.0041466337,0.0041466337
217,FLAG_DOCUMENT_21,numeric_scaled,0.0040818956,256,0.9998505,0.0040812856,0.0040812856
218,NAME_TYPE_SUITE_Other_B,categorical_dummy,0.05343382,135,0.07606731,0.0040645674,0.0040645674
219,ORGANIZATION_TYPE_Postal,categorical_dummy,0.04750712,144,0.08366169,0.0039745257,0.0039745257
220,WEEKDAY_APPR_PROCESS_START_FRIDAY,categorical_dummy,0.010246243,239,0.37008086,0.0037919385,0.0037919385
221,ORGANIZATION_TYPE_Industry: type 7,categorical_dummy,-0.05578822,133,0.06498244,-0.0036252544,0.0036252544
222,ORGANIZATION_TYPE_Industry: type 4,categorical_dummy,0.065338306,116,0.053831264,0.0035172435,0.0035172435
223,OCCUPATION_TYPE_Cleaning staff,categorical_dummy,0.028436875,194,0.12242016,0.0034812468,0.0034812468
224,OCCUPATION_TYPE_Realty agents,categorical_dummy,-0.06446984,117,0.04903735,-0.00316143,0.00316143
225,NAME_INCOME_TYPE_Unemployed,categorical_dummy,0.3778537,14,0.00831228,0.0031408258,0.0031408258
226,ORGANIZATION_TYPE_Services,categorical_dummy,-0.044098172,151,0.07114321,-0.0031372856,0.0031372856
227,WALLSMATERIAL_MODE_Unknown,categorical_dummy,-0.006134023,250,0.49989277,-0.0030663537,0.0030663537
228,ORGANIZATION_TYPE_Business Entity Type 1,categorical_dummy,-0.021973448,204,0.13878675,-0.0030496235,0.0030496235
229,FLAG_DOCUMENT_19,numeric_scaled,-0.0030474956,258,0.9997154,-0.0030466283,0.0030466283
230,ORGANIZATION_TYPE_Mobile,categorical_dummy,0.09073725,87,0.03184861,0.0028898553,0.0028898553
231,ORGANIZATION_TYPE_Housing,categorical_dummy,-0.028465666,193,0.097729355,-0.002781931,0.002781931
232,ORGANIZATION_TYPE_Trade: type 4,categorical_dummy,-0.18903871,43,0.0145357195,-0.0027478137,0.0027478137
233,FLAG_EMAIL,numeric_scaled,0.0027257304,259,1.000703,0.0027276466,0.0027276466
234,WALLSMATERIAL_MODE_Wooden,categorical_dummy,0.020846186,207,0.13077821,0.0027262268,0.0027262268
235,OCCUPATION_TYPE_Medicine staff,categorical_dummy,-0.016478777,220,0.16492842,-0.0027178186,0.0027178186
236,ORGANIZATION_TYPE_Electricity,categorical_dummy,-0.049041398,140,0.055336334,-0.002713771,0.002713771
237,NAME_TYPE_SUITE_Unknown,categorical_dummy,-0.041255742,160,0.06449753,-0.0026608936,0.0026608936
238,ORGANIZATION_TYPE_Trade: type 5,categorical_dummy,-0.18649665,45,0.012749294,-0.0023777005,0.0023777005
239,FONDKAPREMONT_MODE_not specified,categorical_dummy,0.016980883,218,0.13498834,0.0022922212,0.0022922212
240,ORGANIZATION_TYPE_Industry: type 6,categorical_dummy,-0.10693145,76,0.018799074,-0.0020102123,0.0020102123
241,NAME_INCOME_TYPE_State servant,categorical_dummy,0.0075370036,247,0.25691676,0.0019363826,0.0019363826
242,CNT_FAM_MEMBERS,numeric_scaled,-0.0012988822,262,1.000868,-0.0013000095,0.0013000095
243,WEEKDAY_APPR_PROCESS_START_THURSDAY,categorical_dummy,-0.0032283682,257,0.37085742,-0.0011972643,0.0011972643
244,NAME_HOUSING_TYPE_Co-op apartment,categorical_dummy,0.019696407,209,0.059697635,0.001175829,0.001175829
245,ORGANIZATION_TYPE_Transport: type 2,categorical_dummy,0.013642832,230,0.084385514,0.0011512574,0.0011512574
246,ORGANIZATION_TYPE_Religion,categorical_dummy,-0.062687166,118,0.016742935,-0.0010495671,0.0010495671
247,NAME_TYPE_SUITE_Group of people,categorical_dummy,-0.03465343,179,0.029946376,-0.0010377446,0.0010377446
248,WALLSMATERIAL_MODE_Mixed,categorical_dummy,-0.0108953295,235,0.0850856,-0.00092703564,0.00092703564
249,ORGANIZATION_TYPE_Industry: type 11,categorical_dummy,0.009167857,242,0.09355413,0.0008576909,0.0008576909
250,HOUSETYPE_MODE_block of flats,categorical_dummy,0.0014717578,261,0.49984625,0.0007356526,0.0007356526
251,ORGANIZATION_TYPE_Industry: type 10,categorical_dummy,-0.029707916,187,0.018582072,-0.00055203465,0.00055203465
252,NAME_INCOME_TYPE_Student,categorical_dummy,-0.080115855,95,0.0066865575,-0.00053569925,0.00053569925
253,OCCUPATION_TYPE_Sales staff,categorical_dummy,0.0017275915,260,0.30567545,0.0005280823,0.0005280823
254,ORGANIZATION_TYPE_Industry: type 8,categorical_dummy,0.05858053,125,0.008787591,0.00051478174,0.00051478174
255,ORGANIZATION_TYPE_Insurance,categorical_dummy,-0.009628535,241,0.043907255,-0.00042276256,0.00042276256
256,ORGANIZATION_TYPE_Industry: type 2,categorical_dummy,0.00970967,240,0.038989346,0.0003785737,0.0003785737
257,ORGANIZATION_TYPE_Industry: type 13,categorical_dummy,-0.023829157,202,0.014395348,-0.000343029,0.000343029
258,NAME_INCOME_TYPE_Businessman,categorical_dummy,-0.03925302,166,0.006048266,-0.00023741269,0.00023741269
259,NAME_TYPE_SUITE_Family,categorical_dummy,0.0005806511,263,0.33687934,0.00019560936,0.00019560936
260,OCCUPATION_TYPE_HR staff,categorical_dummy,0.00455426,254,0.04236498,0.00019294114,0.00019294114
261,CODE_GENDER_XNA,categorical_dummy,-0.015532854,223,0.002851265,-4.4288285e-05,4.4288285e-05
262,NAME_FAMILY_STATUS_Unknown,categorical_dummy,-0.014272063,227,0.0028512622,-4.0693394e-05,4.0693394e-05
263,NAME_INCOME_TYPE_Maternity leave,categorical_dummy,-0.008895358,244,0.0034920601,-3.1063126e-05,3.1063126e-05
